Alessandro Ranellucci <aar@cpan.org>
Andy Doucette <andy@printathing.com>
Anthony D. Martin <amartin@engr.csulb.edu>
Anton Gladky <gladky.anton@gmail.com>
cpaulson <cp1m11@soton.ac.uk>
Guillaume Seguin <guillaume@segu.in>
Marek Žehra <marek@zehra.cz>
Miro Hrončok <miro@hroncok.cz>
Tomas Chvatal <tomas.chvatal@gmail.com>
Tomáš Čejka <tomas@kassoft.eu>
Tomáš Chvátal <tomas.chvatal@gmail.com>
